scan_at,regime,vix,filtre_D,n_signaux,cluster_action,alerte_fraicheur,jour_bdc,XIU_z20,XIU_z60,XIU_signal,XFN_z20,XFN_z60,XFN_signal,XUT_z20,XUT_z60,XUT_signal,XRE_z20,XRE_z60,XRE_signal,XIN_z20,XIN_z60,XIN_signal,XHC_z20,XHC_z60,XHC_signal,XST_z20,XST_z60,XST_signal,XEG_z20,XEG_z60,XEG_choc,ZAG_z20,ZAG_z60,ZAG_choc,XGD_z20,XGD_z60,XGD_choc,XIT_z20,XIT_z60,XIT_choc,XMA_z20,XMA_z60,XMA_choc
2026-04-27 11:22:12,neutre,18.72,log_observation,0,normal,0,0,-0.9546,-0.4311,0,-0.7606,-0.2897,0,-0.4502,-0.5787,0,-0.705,-0.3083,0,-0.7537,-0.5117,0,-0.2007,-0.1325,0,-0.347,-0.3764,0,0.9965,1.0142,0,-0.9889,-0.7293,0,-1.0873,-0.6281,0,-0.184,0.1081,0,-0.9125,-0.4809,0
2026-04-27 11:28:37,neutre,18.73,log_observation,0,normal,0,0,-0.897,-0.391,0,-0.8011,-0.3248,0,-0.4502,-0.5787,0,-0.7763,-0.3776,0,-0.7537,-0.5117,0,-0.2007,-0.1325,0,-0.393,-0.4146,0,0.9965,1.0142,0,-0.9889,-0.7293,0,-1.0189,-0.5747,0,-0.184,0.1081,0,-0.9659,-0.5208,0
2026-04-27 13:05:21,neutre,18.52,log_observation,0,normal,0,0,-1.0409,-0.4911,0,-0.8821,-0.3949,0,-0.6095,-0.7405,0,-0.5625,-0.1696,0,-0.5493,-0.3176,0,-0.1857,-0.1168,0,-0.485,-0.491,0,1.0319,1.0615,0,-0.9889,-0.7293,0,-1.0251,-0.5796,0,-0.246,0.0486,0,-0.8769,-0.4542,0
2026-04-27 14:14:15,neutre,18.52,règles_normales,0,normal,0,0,-1.1559,-0.5711,0,-1.2734,-0.7338,0,-0.8884,-1.0238,0,-0.9901,-0.5856,0,-0.631,-0.3952,0,-0.2758,-0.2114,0,-0.5769,-0.5675,0,1.1025,1.156,0,-1.2457,-0.9672,0,-0.9816,-0.5456,0,-0.1592,0.1319,0,-0.8147,-0.4076,0
2026-04-27 15:48:43,neutre,18.28,log_observation,0,normal,0,0,-0.7532,-0.291,0,-0.8416,-0.3598,0,-0.6494,-0.781,0,-1.0257,-0.6203,0,-0.5697,-0.337,0,-0.4859,-0.4322,0,-0.7608,-0.7203,0,1.2173,1.3097,0,-0.9889,-0.7293,0,-0.9008,-0.4825,0,0.033,0.3164,0,-0.6367,-0.2745,0
2026-04-27 16:44:10,neutre,18.02,log_observation,0,normal,0,0,-0.897,-0.391,0,-0.9225,-0.4299,0,-0.729,-0.8619,0,-1.2396,-0.8283,0,-0.6719,-0.4341,0,-0.5759,-0.5268,0,-0.9907,-0.9114,0,1.1555,1.227,0,-0.9889,-0.7293,0,-0.9816,-0.5456,0,0.1199,0.3997,0,-0.6812,-0.3077,0
2026-04-27 17:39:09,neutre,18.02,log_observation,0,normal,0,0,-0.897,-0.391,0,-0.9225,-0.4299,0,-0.729,-0.8619,0,-1.2396,-0.8283,0,-0.6719,-0.4341,0,-0.5759,-0.5268,0,-0.9907,-0.9114,0,1.1555,1.227,0,-0.9889,-0.7293,0,-0.9816,-0.5456,0,0.1199,0.3997,0,-0.6812,-0.3077,0
2026-04-27 17:44:58,neutre,18.02,log_observation,0,normal,1,0,-0.897,-0.391,0,-0.9225,-0.4299,0,-0.729,-0.8619,0,-1.2396,-0.8283,0,-0.6719,-0.4341,0,-0.5759,-0.5268,0,,,0,1.1555,1.227,0,-0.9889,-0.7293,0,-0.9816,-0.5456,0,0.1199,0.3997,0,-0.6812,-0.3077,0
2026-04-28 11:43:24,neutre,18.58,log_observation,0,normal,0,0,-0.9209,-0.4278,0,-0.2131,0.2585,0,0.9134,0.8006,0,0.0859,0.4843,0,-0.5891,-0.3253,0,0.3838,0.5077,0,0.4158,0.2293,0,1.2094,1.2388,0,-0.9671,-0.7162,0,-1.8194,-1.2828,0,-2.1245,-1.7136,0,-1.8945,-1.2577,0
2026-04-28 12:02:50,neutre,18.6,log_observation,0,normal,0,0,-0.8071,-0.3476,0,-0.1984,0.2702,0,0.9134,0.8006,0,0.0859,0.4843,0,-0.5891,-0.3253,0,0.3838,0.5077,0,0.4158,0.2293,0,1.2094,1.2388,0,-0.7126,-0.4789,0,-1.858,-1.3128,0,-2.3217,-1.9018,0,-2.0154,-1.3457,0
2026-04-28 13:52:05,neutre,18.33,log_observation,0,normal,0,0,-0.8356,-0.3676,0,-0.1247,0.3288,0,0.5141,0.3935,0,0.3004,0.695,0,-0.5061,-0.2473,0,-0.0039,0.112,0,0.5372,0.3317,0,1.1394,1.1474,0,-0.7126,-0.4789,0,-1.7679,-1.2428,0,-2.2326,-1.8168,0,-1.7737,-1.1696,0
2026-04-28 15:12:29,neutre,18.19,log_observation,0,normal,0,0,-0.8924,-0.4077,0,-0.2573,0.2233,0,0.2745,0.1492,0,0.0859,0.4843,0,-0.4854,-0.2279,0,-0.0814,0.0329,0,0.3248,0.1526,0,1.052,1.0331,0,-0.7126,-0.4789,0,-1.5619,-1.0828,0,-2.4043,-1.9808,0,-1.6063,-1.0477,0
2026-04-28 16:38:43,neutre,17.83,log_observation,0,normal,0,0,-1.063,-0.528,0,-0.4047,0.106,0,0.1148,-0.0136,0,0.0859,0.4843,0,-0.5061,-0.2473,0,-0.0659,0.0487,0,0.158,0.0119,0,1.0433,1.0216,0,-0.2036,-0.0042,0,-1.6262,-1.1328,0,-2.3407,-1.9201,0,-1.7644,-1.1628,0
2026-04-28 17:39:49,neutre,17.83,log_observation,0,normal,0,0,-1.063,-0.528,0,-0.4047,0.106,0,0.1148,-0.0136,0,0.0859,0.4843,0,-0.5061,-0.2473,0,-0.0659,0.0487,0,0.158,0.0119,0,1.0433,1.0216,0,-0.2036,-0.0042,0,-1.6262,-1.1328,0,-2.3407,-1.9201,0,-1.7644,-1.1628,0
2026-04-28 17:49:47,neutre,17.83,log_observation,0,normal,0,0,-1.063,-0.528,0,-0.4047,0.106,0,0.1148,-0.0136,0,0.0859,0.4843,0,-0.5061,-0.2473,0,-0.0659,0.0487,0,0.158,0.0119,0,1.0433,1.0216,0,-0.2036,-0.0042,0,-1.6262,-1.1328,0,-2.3407,-1.9201,0,-1.7644,-1.1628,0
2026-04-29 11:32:19,neutre,18.26,règles_normales,0,normal,0,1,-1.3369,-0.8733,0,-1.5685,-0.8279,0,-1.7586,-1.9204,0,-0.5395,-0.0834,0,-0.6523,-0.4197,0,-0.9745,-0.8949,0,0.12,-0.0642,0,0.9488,0.9746,0,-2.8048,-2.3746,1,-0.8282,-0.7075,0,-1.0917,-0.9147,0,-0.7015,-0.5568,0
2026-04-29 11:49:23,neutre,18.23,règles_normales,0,normal,0,1,-1.2812,-0.83,0,-1.4946,-0.769,0,-1.7993,-1.9611,0,-0.612,-0.1532,0,-0.6523,-0.4197,0,-0.9745,-0.8949,0,0.2747,0.0642,0,0.8487,0.8408,0,-2.8048,-2.3746,1,-0.8156,-0.6961,0,-1.0322,-0.8517,0,-0.6744,-0.5338,0
2026-04-29 13:10:34,neutre,18.74,règles_normales,0,normal,1,1,-1.5178,-1.0143,0,-1.7162,-0.9456,0,-1.7178,-1.8797,0,-0.5395,-0.0834,0,,,0,-0.6147,-0.5293,0,0.5222,0.2696,0,0.8737,0.8743,0,-3.0717,-2.612,1,-0.8976,-0.7699,0,-1.1808,-1.0091,0,-0.8456,-0.6793,0
2026-04-29 14:45:01,neutre,18.74,règles_normales,0,normal,0,1,-1.7127,-1.1661,0,-2.0855,-1.2398,0,-2.0437,-2.2053,0,-1.2637,-0.7813,0,-0.9837,-0.7322,0,-1.0527,-0.9743,0,0.0736,-0.1027,0,0.9655,0.9969,0,-3.6056,-3.0869,1,-1.0018,-0.8636,0,-0.5984,-0.392,0,-0.8816,-0.7099,0
2026-04-29 16:03:18,neutre,18.51,règles_normales,0,normal,0,1,-1.4761,-0.9818,0,-2.0412,-1.2045,0,-1.8808,-2.0425,0,-1.4448,-0.9558,0,-0.7973,-0.5564,0,-0.8181,-0.7359,0,0.0891,-0.0899,0,1.2158,1.3314,0,-3.8725,-3.3243,1,-0.9607,-0.8267,0,-0.2893,-0.0646,0,-0.9717,-0.7865,0
2026-04-29 17:15:04,neutre,18.81,règles_normales,0,normal,0,1,-1.4761,-0.9818,0,-2.0412,-1.2045,0,-1.8808,-2.0425,0,-1.4448,-0.9558,0,-0.7973,-0.5564,0,-0.8181,-0.7359,0,0.0891,-0.0899,0,1.2158,1.3314,0,-3.8725,-3.3243,1,-0.9607,-0.8267,0,-0.2893,-0.0646,0,-0.9717,-0.7865,0
2026-04-29 17:51:32,neutre,18.81,règles_normales,0,normal,0,1,-1.4761,-0.9818,0,-2.0412,-1.2045,0,-1.8808,-2.0425,0,-1.4448,-0.9558,0,-0.7973,-0.5564,0,-0.8181,-0.7359,0,0.0891,-0.0899,0,1.2158,1.3314,0,-3.8725,-3.3243,1,-0.9607,-0.8267,0,-0.2893,-0.0646,0,-0.9717,-0.7865,0
2026-04-30 11:26:43,neutre,17.32,seuil+0.5_taille÷1.5,0,normal,0,0,1.9359,1.2487,0,1.2904,1.2821,0,1.469,1.2591,0,0.0793,0.4347,0,0.9619,0.9627,0,1.9549,1.7502,0,1.7569,1.3508,0,-0.071,-0.3293,0,1.1653,1.1793,0,0.7997,0.5346,0,-0.0812,0.0615,0,0.8023,0.4785,0
2026-04-30 11:31:05,neutre,17.34,seuil+0.5_taille÷1.5,0,normal,0,0,2.0054,1.2924,0,1.3851,1.3542,0,1.5463,1.3389,0,0.0793,0.4347,0,1.0085,1.0038,0,1.9549,1.7502,0,1.7569,1.3508,0,-0.0396,-0.2862,0,1.1653,1.1793,0,0.77,0.5114,0,-0.0812,0.0615,0,0.8023,0.4785,0
2026-04-30 12:57:28,neutre,17.44,seuil+0.5_taille÷1.5,0,normal,0,0,2.2486,1.4453,0,1.4324,1.3902,0,1.6622,1.4586,0,0.0439,0.3997,0,0.9153,0.9217,0,2.4175,2.1695,0,1.6787,1.2838,0,0.2277,0.0804,0,1.1653,1.1793,0,0.5914,0.3721,0,-0.0877,0.0552,0,0.6701,0.3849,0
2026-04-30 14:06:10,neutre,17.27,seuil+0.5_taille÷1.5,0,normal,0,0,2.7003,1.7291,0,1.8268,1.6907,0,1.6236,1.4187,0,0.0793,0.4347,0,1.1016,1.0859,0,2.8446,2.5565,0,1.7569,1.3508,0,0.0862,-0.1137,0,1.1653,1.1793,0,0.77,0.5114,0,0.3426,0.4774,0,0.8574,0.5175,0
2026-04-30 15:46:01,neutre,17.2,seuil+0.5_taille÷1.5,0,normal,0,0,3.3605,2.144,0,2.2526,2.0151,0,1.8554,1.6581,0,0.363,0.7152,0,1.2414,1.209,0,2.5599,2.2985,0,2.3508,1.8595,0,0.3456,0.2421,0,1.3936,1.4083,0,0.6956,0.4533,0,0.6893,0.8177,0,0.8464,0.5097,0
2026-04-30 16:43:43,neutre,16.89,seuil+0.5_taille÷1.5,0,normal,0,0,3.3258,2.1222,0,2.158,1.943,0,1.5849,1.3788,0,0.2566,0.61,0,1.1948,1.1679,0,2.5599,2.2985,0,2.3977,1.8997,0,0.3378,0.2313,0,0.937,0.9504,0,0.7923,0.5288,0,0.7086,0.8366,0,0.8794,0.5331,0
2026-04-30 17:40:03,neutre,16.89,seuil+0.5_taille÷1.5,0,normal,0,0,3.3258,2.1222,0,2.158,1.943,0,1.5849,1.3788,0,0.2566,0.61,0,1.1948,1.1679,0,2.5599,2.2985,0,2.3977,1.8997,0,0.3378,0.2313,0,0.937,0.9504,0,0.7923,0.5288,0,0.7086,0.8366,0,0.8794,0.5331,0
2026-04-30 17:46:15,neutre,16.89,seuil+0.5_taille÷1.5,0,normal,0,0,3.3258,2.1222,0,2.158,1.943,0,1.5849,1.3788,0,0.2566,0.61,0,1.1948,1.1679,0,2.5599,2.2985,0,2.3977,1.8997,0,0.3378,0.2313,0,0.937,0.9504,0,0.7923,0.5288,0,0.7086,0.8366,0,0.8794,0.5331,0
2026-05-01 10:35:26,neutre,16.49,log_observation,0,normal,0,0,-0.2838,-0.1335,0,-0.1332,0.2026,0,0.9036,0.7736,0,0.4134,0.6168,0,-0.0799,-0.0062,0,0.1868,0.1676,0,0.5954,0.5199,0,-1.0239,-1.3957,0,1.0767,1.1521,0,-0.2727,-0.3165,0,0.5686,0.715,0,-0.1412,-0.2012,0
2026-05-01 10:44:06,neutre,16.6,seuil+0.5_taille÷1.5,0,normal,0,0,-0.229,-0.0922,0,-0.1332,0.2026,0,0.9036,0.7736,0,0.4134,0.6168,0,-0.0334,0.0347,0,0.1868,0.1676,0,0.528,0.4537,0,-0.9397,-1.2882,0,0.8526,0.9255,0,-0.218,-0.2762,0,0.5686,0.715,0,-0.1872,-0.2323,0
2026-05-01 11:39:05,neutre,16.67,seuil+0.5_taille÷1.5,0,normal,0,0,-0.229,-0.0922,0,0.0836,0.3798,0,0.9036,0.7736,0,-0.1381,0.1265,0,-0.1031,-0.0267,0,-0.2621,-0.2786,0,0.4605,0.3876,0,-0.8555,-1.1807,0,1.0767,1.1521,0,-0.3352,-0.3626,0,0.525,0.6701,0,-0.4055,-0.3804,0
2026-05-01 12:34:40,neutre,16.87,log_observation,0,normal,0,0,-0.5854,-0.3605,0,-0.5597,-0.1462,0,1.1581,1.0505,0,-0.2169,0.0565,0,-0.1263,-0.0472,0,-0.324,-0.3402,0,0.4336,0.3611,0,-0.6366,-0.9012,0,1.0767,1.1521,0,-0.3742,-0.3914,0,0.6369,0.7855,0,-0.3825,-0.3648,0
2026-05-01 13:34:16,neutre,16.7,log_observation,0,normal,0,0,-0.4209,-0.2367,0,-0.5177,-0.1119,0,0.6855,0.5363,0,-0.0593,0.1965,0,0.013,0.0756,0,-0.324,-0.3402,0,0.474,0.4008,0,-0.8892,-1.2237,0,0.9647,1.0388,0,-0.1243,-0.2071,0,0.7488,0.901,0,-0.3251,-0.3258,0
2026-05-01 14:41:26,neutre,16.96,log_observation,0,normal,0,0,-0.5306,-0.3192,0,-0.5736,-0.1577,0,0.6128,0.4572,0,-0.0593,0.1965,0,0.013,0.0756,0,-0.3085,-0.3248,0,0.3796,0.3082,0,-0.805,-1.1162,0,1.0767,1.1521,0,-0.2571,-0.305,0,0.954,1.1126,0,-0.1297,-0.1934,0
2026-05-01 15:50:06,neutre,16.67,log_observation,0,normal,0,0,-0.4483,-0.2573,0,-0.5597,-0.1462,0,0.8309,0.6945,0,-0.0593,0.1965,0,-0.0566,0.0142,0,-0.324,-0.3402,0,0.3256,0.2552,0,-0.603,-0.8582,0,0.8526,0.9255,0,-0.382,-0.3972,0,0.811,0.9651,0,-0.3595,-0.3492,0
2026-05-01 16:36:43,neutre,16.99,log_observation,0,normal,0,0,-0.6403,-0.4018,0,-0.6855,-0.2492,0,0.6128,0.4572,0,-0.2957,-0.0136,0,-0.196,-0.1085,0,-0.3704,-0.3863,0,0.2852,0.2155,0,-0.6114,-0.8689,0,0.6285,0.6989,0,-0.4289,-0.4318,0,0.7115,0.8625,0,-0.4055,-0.3804,0
2026-05-01 17:30:03,neutre,16.99,log_observation,0,normal,0,0,-0.6403,-0.4018,0,-0.6855,-0.2492,0,0.6128,0.4572,0,-0.2957,-0.0136,0,-0.196,-0.1085,0,-0.3704,-0.3863,0,0.2852,0.2155,0,-0.6114,-0.8689,0,0.6285,0.6989,0,-0.4289,-0.4318,0,0.7115,0.8625,0,-0.4055,-0.3804,0
2026-05-01 17:42:30,neutre,16.99,log_observation,0,normal,0,0,-0.6403,-0.4018,0,-0.6855,-0.2492,0,0.6128,0.4572,0,-0.2957,-0.0136,0,-0.196,-0.1085,0,-0.3704,-0.3863,0,0.2852,0.2155,0,-0.6114,-0.8689,0,0.6285,0.6989,0,-0.4289,-0.4318,0,0.7115,0.8625,0,-0.4055,-0.3804,0
2026-05-04 11:28:45,neutre,17.64,log_observation,0,normal,0,0,-0.6118,-0.4092,0,-0.908,-0.4584,0,-0.1963,-0.4486,0,0.1546,0.3771,0,-1.2518,-1.0206,0,-0.2755,-0.2683,0,-0.9853,-1.0572,0,0.1715,0.0639,0,-0.9384,-0.8929,0,0.0121,-0.1125,0,0.2885,0.4319,0,-0.1909,-0.2446,0
2026-05-04 11:52:56,neutre,18.45,log_observation,0,normal,0,0,-0.7488,-0.5127,0,-1.0741,-0.5958,0,-0.3834,-0.6459,0,-0.0054,0.233,0,-1.3682,-1.1235,0,-0.4618,-0.4579,0,-0.8769,-0.9458,0,0.3865,0.3352,0,-1.162,-1.118,0,-0.0194,-0.1359,0,-0.0546,0.0759,0,-0.2025,-0.2524,0
2026-05-04 13:17:19,neutre,18.71,règles_normales,0,normal,0,0,-0.9679,-0.6784,0,-1.3509,-0.8248,0,-0.533,-0.8037,0,-0.4854,-0.1991,0,-1.508,-1.247,0,-0.5084,-0.5053,0,-1.2429,-1.3219,0,0.4553,0.422,0,-1.3857,-1.3432,0,-0.1457,-0.2294,0,-0.0245,0.1071,0,-0.3531,-0.3548,0
2026-05-04 14:57:22,neutre,18.43,règles_normales,0,normal,0,0,-1.0912,-0.7715,0,-1.6553,-1.0768,0,-0.7575,-1.0404,0,-0.5654,-0.2712,0,-1.5313,-1.2676,0,-0.3531,-0.3473,0,-1.1751,-1.2522,0,0.6962,0.7258,0,-1.6093,-1.5684,0,-0.3746,-0.3988,0,0.0297,0.1633,0,-0.608,-0.5281,0
2026-05-04 16:11:11,neutre,18.29,règles_normales,0,normal,0,0,-1.0501,-0.7405,0,-1.5999,-1.031,0,-0.1963,-0.4486,0,-0.3254,-0.0551,0,-1.3216,-1.0824,0,-0.4152,-0.4105,0,-1.0938,-1.1687,0,0.5585,0.5522,0,-1.4975,-1.4558,0,-0.2799,-0.3287,0,0.0056,0.1383,0,-0.5617,-0.4966,0
2026-05-04 17:18:15,neutre,18.29,règles_normales,0,normal,1,0,-1.0501,-0.7405,0,-1.5999,-1.031,0,,,0,-0.3254,-0.0551,0,-1.3216,-1.0824,0,-0.4152,-0.4105,0,-1.0938,-1.1687,0,0.5585,0.5522,0,-1.4975,-1.4558,0,-0.2799,-0.3287,0,0.0056,0.1383,0,-0.5617,-0.4966,0
2026-05-04 17:52:26,neutre,18.29,règles_normales,0,normal,1,0,-1.0501,-0.7405,0,,,0,-0.1963,-0.4486,0,-0.3254,-0.0551,0,-1.3216,-1.0824,0,-0.4152,-0.4105,0,-1.0938,-1.1687,0,0.5585,0.5522,0,-1.4975,-1.4558,0,-0.2799,-0.3287,0,0.0056,0.1383,0,-0.5617,-0.4966,0
2026-05-05 11:40:00,neutre,17.45,log_observation,0,normal,1,0,-0.1661,-0.1313,0,0.4395,0.6181,0,,,0,-0.2998,-0.0154,0,1.0823,1.0089,0,0.4686,0.4709,0,0.5447,0.4452,0,0.3464,0.2822,0,0.272,0.2648,0,0.6506,0.3374,0,-1.4744,-1.3774,0,0.7336,0.3537,0
2026-05-05 13:00:41,neutre,17.43,log_observation,0,normal,0,0,-0.354,-0.2787,0,0.479,0.6525,0,1.5321,1.3794,0,-0.179,0.0926,0,1.0823,1.0089,0,0.3753,0.3752,0,0.5717,0.4732,0,0.5825,0.5839,0,0.4892,0.4885,0,0.3954,0.1429,0,-1.9544,-1.8746,0,0.5584,0.2296,0
2026-05-05 14:11:46,neutre,17.22,log_observation,0,normal,0,0,-0.3809,-0.2998,0,0.3869,0.5721,0,1.3822,1.2214,0,-0.018,0.2367,0,1.3091,1.2175,0,0.593,0.5985,0,0.6392,0.5432,0,0.785,0.8426,0,0.4892,0.4885,0,0.3875,0.1368,0,-2.1764,-2.1045,0,0.5817,0.2461,0
2026-05-05 15:51:29,neutre,17.28,log_observation,0,normal,0,0,-0.542,-0.4262,0,0.3738,0.5606,0,1.4197,1.2609,0,-0.0583,0.2007,0,1.3544,1.2592,0,0.6241,0.6304,0,0.8011,0.7111,0,0.5657,0.5624,0,0.3806,0.3767,0,0.3954,0.1429,0,-2.0264,-1.9492,0,0.5117,0.1965,0
2026-05-05 16:46:41,neutre,17.38,log_observation,0,normal,0,0,-0.5151,-0.4051,0,0.4001,0.5836,0,1.195,1.024,0,-0.018,0.2367,0,1.3544,1.2592,0,0.7329,0.742,0,0.8011,0.7111,0,0.5151,0.4977,0,-0.1623,-0.1827,0,0.2599,0.0395,0,-2.0084,-1.9305,0,0.4416,0.1468,0
2026-05-05 17:43:49,neutre,17.38,log_observation,0,normal,0,0,-0.5151,-0.4051,0,0.4001,0.5836,0,1.195,1.024,0,-0.018,0.2367,0,1.3544,1.2592,0,0.7329,0.742,0,0.8011,0.7111,0,0.5151,0.4977,0,-0.1623,-0.1827,0,0.2599,0.0395,0,-2.0084,-1.9305,0,0.4416,0.1468,0
2026-05-05 17:52:30,neutre,17.38,log_observation,0,normal,0,0,-0.5151,-0.4051,0,0.4001,0.5836,0,1.195,1.024,0,-0.018,0.2367,0,1.3544,1.2592,0,0.7329,0.742,0,0.8011,0.7111,0,0.5151,0.4977,0,-0.1623,-0.1827,0,0.2599,0.0395,0,-2.0084,-1.9305,0,0.4416,0.1468,0
2026-05-06 11:40:16,neutre,17.13,seuil+0.5_taille÷1.5,0,normal,0,0,0.9662,0.7683,0,1.2704,1.3713,0,-0.1853,-0.4182,0,0.7293,0.8737,0,1.846,1.8876,0,0.4043,0.4898,0,-0.7924,-0.8934,0,-2.1409,-2.9017,0,2.2487,2.2802,0,3.2443,2.3631,0,-0.6011,-0.5393,0,3.3418,2.247,0
2026-05-06 11:55:27,neutre,17.29,seuil+0.5_taille÷1.5,0,normal,0,0,0.9126,0.7256,0,1.2834,1.3827,0,-0.1853,-0.4182,0,0.7293,0.8737,0,1.6738,1.7211,0,0.4043,0.4898,0,-0.7924,-0.8934,0,-2.2573,-3.0513,0,2.2487,2.2802,0,3.1162,2.264,0,-0.6011,-0.5393,0,3.225,2.1632,0
2026-05-06 13:18:02,neutre,17.16,seuil+0.5_taille÷1.5,0,normal,0,0,0.8323,0.6616,0,1.1404,1.2571,0,-0.4372,-0.6905,0,0.7697,0.9097,0,1.6953,1.7419,0,0.099,0.1626,0,-1.6,-1.7383,0,-2.1242,-2.8804,0,2.2487,2.2802,0,2.9841,2.1618,0,-0.7219,-0.6717,0,3.0733,2.0543,0
2026-05-06 15:02:04,neutre,17.13,seuil+0.5_taille÷1.5,0,normal,0,0,0.8457,0.6722,0,1.2834,1.3827,0,-0.7611,-1.0407,0,0.3258,0.5142,0,1.7169,1.7627,0,0.389,0.4735,0,-1.5073,-1.6414,0,-2.4237,-3.265,0,2.2487,2.2802,0,2.9561,2.1401,0,-0.8312,-0.7916,0,3.085,2.0627,0
2026-05-06 16:27:09,neutre,17.45,seuil+0.5_taille÷1.5,0,normal,0,0,0.9394,0.7469,0,1.1664,1.2799,0,-0.5092,-0.7683,0,0.5276,0.694,0,1.9752,2.0124,0,0.45,0.5389,0,-1.6927,-1.8353,0,-2.3572,-3.1795,0,2.4723,2.5041,0,3.3805,2.4684,0,-0.7449,-0.697,0,3.4351,2.314,0
2026-05-06 17:37:35,neutre,17.39,seuil+0.5_taille÷1.5,0,normal,0,0,0.9394,0.7469,0,1.1664,1.2799,0,-0.5092,-0.7683,0,0.5276,0.694,0,1.9752,2.0124,0,0.45,0.5389,0,-1.6927,-1.8353,0,-2.3572,-3.1795,0,2.4723,2.5041,0,3.3805,2.4684,0,-0.7449,-0.697,0,3.4351,2.314,0
2026-05-06 17:51:11,neutre,17.39,seuil+0.5_taille÷1.5,0,normal,0,0,0.9394,0.7469,0,1.1664,1.2799,0,-0.5092,-0.7683,0,0.5276,0.694,0,1.9752,2.0124,0,0.45,0.5389,0,-1.6927,-1.8353,0,-2.3572,-3.1795,0,2.4723,2.5041,0,3.3805,2.4684,0,-0.7449,-0.697,0,3.4351,2.314,0
2026-05-07 11:41:40,neutre,17.19,seuil+0.5_taille÷1.5,0,normal,0,0,-0.0012,-0.0081,0,-0.652,-0.3204,0,-0.2053,-0.4918,0,0.0748,0.2426,0,-1.057,-0.8388,0,-0.723,-0.7434,0,1.0975,0.9061,0,-1.2532,-1.6293,0,-0.1237,-0.0988,0,1.1821,1.0049,0,0.8761,1.0157,0,1.1454,0.9051,0
2026-05-07 11:57:09,neutre,17.25,seuil+0.5_taille÷1.5,0,normal,0,0,-0.0286,-0.0296,0,-0.6251,-0.298,0,-0.0966,-0.375,0,0.1574,0.3138,0,-1.057,-0.8388,0,-0.723,-0.7434,0,1.1249,0.9337,0,-1.108,-1.4526,0,-0.1237,-0.0988,0,0.9444,0.7865,0,0.8761,1.0157,0,1.1722,0.9282,0
2026-05-07 13:42:06,neutre,17.51,règles_normales,0,normal,0,0,-0.9328,-0.7402,0,-1.2703,-0.8349,0,-0.3504,-0.6477,0,-0.7105,-0.4336,0,-1.7249,-1.3917,0,-1.149,-1.1524,0,0.7832,0.5893,0,-0.6468,-0.8914,0,-0.6407,-0.628,0,0.1275,0.0364,0,0.1186,0.1889,0,0.0032,-0.0831,0
2026-05-07 15:18:19,neutre,17.28,règles_normales,0,normal,0,0,-0.878,-0.6971,0,-1.2703,-0.8349,0,-0.2778,-0.5698,0,-0.1319,0.0647,0,-1.6534,-1.3325,0,-0.8593,-0.8743,0,0.9745,0.7822,0,-0.587,-0.8186,0,-0.6407,-0.628,0,0.0239,-0.0588,0,0.1186,0.1889,0,-0.0325,-0.114,0
2026-05-07 16:40:40,neutre,17.08,règles_normales,0,normal,0,0,-0.7958,-0.6325,0,-0.9477,-0.5665,0,-0.0603,-0.336,0,-0.2145,-0.0065,0,-1.8681,-1.5102,0,-0.9786,-0.9888,0,0.7558,0.5617,0,-0.6468,-0.8914,0,-0.4339,-0.4163,0,-0.1407,-0.21,0,0.7058,0.8298,0,-0.211,-0.2684,0
2026-05-07 17:35:26,neutre,17.08,règles_normales,0,normal,0,0,-0.7958,-0.6325,0,-0.9477,-0.5665,0,-0.0603,-0.336,0,-0.2145,-0.0065,0,-1.8681,-1.5102,0,-0.9786,-0.9888,0,0.7558,0.5617,0,-0.6468,-0.8914,0,-0.4339,-0.4163,0,-0.1407,-0.21,0,0.7058,0.8298,0,-0.211,-0.2684,0
2026-05-07 17:45:11,neutre,17.08,règles_normales,0,normal,0,0,-0.7958,-0.6325,0,-0.9477,-0.5665,0,-0.0603,-0.336,0,-0.2145,-0.0065,0,-1.8681,-1.5102,0,-0.9786,-0.9888,0,0.7558,0.5617,0,-0.6468,-0.8914,0,-0.4339,-0.4163,0,-0.1407,-0.21,0,0.7058,0.8298,0,-0.211,-0.2684,0
2026-05-08 11:05:57,neutre,17.33,seuil+0.5_taille÷1.5,0,normal,0,0,0.9359,0.7531,0,0.2828,0.4146,0,0.2663,0.028,0,-0.3571,-0.0717,0,0.6422,0.5694,0,0.0636,-0.0268,0,0.4304,0.3085,0,0.2559,0.2255,0,1.022,1.0811,0,1.0503,0.8803,0,-0.7509,-0.6754,0,1.2292,0.9871,0
2026-05-08 11:12:02,neutre,17.37,seuil+0.5_taille÷1.5,0,normal,0,0,0.8533,0.688,0,0.3229,0.4483,0,0.2663,0.028,0,-0.4428,-0.1429,0,0.6422,0.5694,0,0.0636,-0.0268,0,0.4304,0.3085,0,0.221,0.1836,0,1.022,1.0811,0,1.0626,0.8916,0,-0.7509,-0.6754,0,1.1932,0.9559,0
2026-05-08 12:43:27,neutre,17.22,seuil+0.5_taille÷1.5,0,normal,0,0,0.5506,0.4495,0,-0.044,0.1395,0,-0.0603,-0.3234,0,-0.1857,0.0708,0,0.5074,0.4511,0,-0.4078,-0.486,0,0.9547,0.8014,0,0.3952,0.3929,0,1.022,1.0811,0,0.9643,0.8013,0,-0.7393,-0.6629,0,1.1663,0.9325,0
2026-05-08 13:57:20,neutre,17.46,seuil+0.5_taille÷1.5,0,normal,0,0,0.6056,0.4928,0,-0.104,0.0889,0,0.1212,-0.1282,0,-0.0144,0.2132,0,0.5524,0.4905,0,-0.4246,-0.5024,0,0.8236,0.6782,0,0.1339,0.079,0,1.1252,1.1871,0,1.1056,0.9311,0,-0.5413,-0.4504,0,1.2562,1.0105,0
2026-05-08 15:05:33,neutre,17.41,seuil+0.5_taille÷1.5,0,normal,0,0,0.5368,0.4386,0,-0.0239,0.1563,0,-0.0603,-0.3234,0,-0.7855,-0.4277,0,0.485,0.4314,0,-0.4583,-0.5352,0,0.8236,0.6782,0,0.0294,-0.0466,0,1.022,1.0811,0,1.1977,1.0158,0,-0.3492,-0.2442,0,1.4271,1.1585,0
2026-05-08 16:13:32,neutre,17.12,seuil+0.5_taille÷1.5,0,normal,0,0,0.9083,0.7314,0,0.1628,0.3135,0,0.0848,-0.1672,0,-0.6998,-0.3565,0,0.6198,0.5496,0,-0.391,-0.4696,0,0.6197,0.4865,0,-0.0403,-0.1303,0,1.4347,1.5052,0,1.2899,1.1004,0,-0.3375,-0.2317,0,1.535,1.252,0
2026-05-08 17:15:13,neutre,17.19,seuil+0.5_taille÷1.5,0,normal,0,0,0.9083,0.7314,0,0.1628,0.3135,0,0.0848,-0.1672,0,-0.6998,-0.3565,0,0.6198,0.5496,0,-0.391,-0.4696,0,0.6197,0.4865,0,-0.0403,-0.1303,0,1.4347,1.5052,0,1.2899,1.1004,0,-0.3375,-0.2317,0,1.535,1.252,0
2026-05-08 17:48:38,neutre,17.19,seuil+0.5_taille÷1.5,0,normal,0,0,0.9083,0.7314,0,0.1628,0.3135,0,0.0848,-0.1672,0,-0.6998,-0.3565,0,0.6198,0.5496,0,-0.391,-0.4696,0,0.6197,0.4865,0,-0.0403,-0.1303,0,1.4347,1.5052,0,1.2899,1.1004,0,-0.3375,-0.2317,0,1.535,1.252,0
2026-05-11 12:14:40,neutre,17.94,seuil+0.5_taille÷1.5,0,normal,0,0,-0.0054,-0.0025,0,-0.8145,-0.5509,0,1.2559,1.0239,0,-0.6267,-0.3903,0,0.056,0.0753,0,1.1109,1.0349,0,-1.4708,-1.4398,0,0.522,0.5336,0,-1.2784,-1.2409,0,1.1726,1.0448,0,-1.1395,-1.1957,0,1.3251,1.1254,0
2026-05-11 12:22:24,neutre,17.98,seuil+0.5_taille÷1.5,0,normal,1,0,-0.0054,-0.0025,0,-0.8678,-0.5963,0,1.1438,0.9063,0,,,0,0.056,0.0753,0,1.1109,1.0349,0,-1.4708,-1.4398,0,0.5748,0.5975,0,-1.4751,-1.4482,0,1.0804,0.9579,0,-1.1395,-1.1957,0,1.3,1.103,0
2026-05-11 14:12:04,neutre,18.16,seuil+0.5_taille÷1.5,0,normal,0,0,-0.0598,-0.0455,0,-0.6947,-0.4488,0,0.9196,0.671,0,-0.714,-0.4635,0,-0.0989,-0.0617,0,0.1464,0.1174,0,-1.543,-1.5086,0,0.6629,0.704,0,-1.4751,-1.4482,0,1.0285,0.909,0,-1.554,-1.6575,0,1.2415,1.0507,0
2026-05-11 16:02:44,neutre,18.4,log_observation,0,normal,0,0,-0.1686,-0.1313,0,-0.7879,-0.5282,0,0.6581,0.3964,0,-0.8887,-0.61,0,0.0117,0.0362,0,-0.4323,-0.4332,0,-1.7306,-1.6876,0,0.7157,0.768,0,-1.2784,-1.2409,0,1.1438,1.0176,0,-1.6942,-1.8137,0,1.3418,1.1403,0
2026-05-11 17:22:23,neutre,18.38,log_observation,0,normal,0,0,-0.1686,-0.1313,0,-0.7879,-0.5282,0,0.6581,0.3964,0,-0.8887,-0.61,0,0.0117,0.0362,0,-0.4323,-0.4332,0,-1.7306,-1.6876,0,0.7157,0.768,0,-1.2784,-1.2409,0,1.1438,1.0176,0,-1.6942,-1.8137,0,1.3418,1.1403,0
2026-05-11 18:00:08,neutre,18.38,log_observation,0,normal,0,0,-0.1686,-0.1313,0,-0.7879,-0.5282,0,0.6581,0.3964,0,-0.8887,-0.61,0,0.0117,0.0362,0,-0.4323,-0.4332,0,-1.7306,-1.6876,0,0.7157,0.768,0,-1.2784,-1.2409,0,1.1438,1.0176,0,-1.6942,-1.8137,0,1.3418,1.1403,0
2026-05-12 11:57:36,neutre,18.93,log_observation,0,normal,0,0,-0.4593,-0.4342,0,-0.0438,0.0221,0,0.5012,0.3587,0,-1.0719,-0.8913,0,-0.7266,-0.6455,0,1.7903,1.6129,0,1.2505,1.1959,0,0.6945,0.7474,0,-0.9785,-0.997,0,-0.962,-1.0066,0,-0.8036,-0.9914,0,-0.8883,-0.9008,0
2026-05-12 12:10:22,neutre,18.89,log_observation,0,normal,0,0,-0.5556,-0.512,0,-0.1526,-0.0695,0,0.3003,0.1556,0,-1.1587,-0.9676,0,-0.7266,-0.6455,0,2.2712,2.0652,0,0.9499,0.9151,0,0.746,0.8106,0,-0.9785,-0.997,0,-0.9295,-0.9741,0,-0.9268,-1.1263,0,-0.8496,-0.8637,0
2026-05-12 14:15:46,neutre,18.21,log_observation,0,normal,0,0,-0.1564,-0.1898,0,-0.0846,-0.0123,0,-0.1415,-0.2912,0,-1.6795,-1.4258,0,-0.5713,-0.5078,0,2.6809,2.4505,0,1.0702,1.0274,0,0.9174,1.0213,0,-0.9785,-0.997,0,-0.4577,-0.5035,0,-1.0069,-1.214,0,-0.1823,-0.2257,0
2026-05-12 16:08:56,neutre,17.97,seuil+0.5_taille÷1.5,0,normal,0,0,0.5044,0.3435,0,0.1738,0.2052,0,0.3003,0.1556,0,-1.6795,-1.4258,0,-0.3274,-0.2914,0,2.4671,2.2495,0,1.1153,1.0695,0,1.0375,1.1688,0,-0.9785,-0.997,0,-0.051,-0.0977,0,-0.6064,-0.7757,0,0.4384,0.3678,0
2026-05-12 17:37:38,neutre,17.99,seuil+0.5_taille÷1.5,0,normal,0,0,0.5044,0.3435,0,0.1738,0.2052,0,0.3003,0.1556,0,-1.6795,-1.4258,0,-0.3274,-0.2914,0,2.4671,2.2495,0,1.1153,1.0695,0,1.0375,1.1688,0,-0.9785,-0.997,0,-0.051,-0.0977,0,-0.6064,-0.7757,0,0.4384,0.3678,0
2026-05-12 18:02:32,neutre,17.99,seuil+0.5_taille÷1.5,0,normal,0,0,0.5044,0.3435,0,0.1738,0.2052,0,0.3003,0.1556,0,-1.6795,-1.4258,0,-0.3274,-0.2914,0,2.4671,2.2495,0,1.1153,1.0695,0,1.0375,1.1688,0,-0.9785,-0.997,0,-0.051,-0.0977,0,-0.6064,-0.7757,0,0.4384,0.3678,0
2026-05-13 12:00:17,neutre,18.07,règles_normales,0,normal,0,0,-1.0848,-0.9411,0,-0.9514,-0.7523,0,-0.4811,-0.6047,0,-0.4373,-0.4318,0,0.3607,0.2852,0,-0.0018,-0.0098,0,-0.4291,-0.3265,0,-0.5305,-0.6139,0,0.0667,0.0611,0,-0.1815,-0.2294,0,-0.6605,-0.8845,0,-0.186,-0.2141,0
2026-05-13 12:12:25,neutre,18.11,règles_normales,0,normal,0,0,-1.1125,-0.9637,0,-1.1482,-0.912,0,-0.5611,-0.6881,0,-0.615,-0.5847,0,0.3607,0.2852,0,0.1988,0.1974,0,-0.5595,-0.4503,0,-0.4795,-0.5525,0,-0.0288,-0.0421,0,-0.1213,-0.1679,0,-0.6605,-0.8845,0,-0.1322,-0.1615,0
2026-05-13 14:13:34,neutre,17.87,règles_normales,0,normal,0,0,-1.3618,-1.1673,0,-1.4575,-1.1631,0,-0.0809,-0.1879,0,-1.7261,-1.5402,0,0.6738,0.5613,0,0.5229,0.5323,0,-0.9216,-0.7943,0,-0.454,-0.5218,0,0.0667,0.0611,0,-0.1815,-0.2294,0,-0.4655,-0.679,0,-0.2398,-0.2666,0
2026-05-13 16:08:09,neutre,17.87,règles_normales,1,normal,0,0,-1.1679,-1.0089,0,-1.4435,-1.1517,0,0.2792,0.1873,0,-2.0817,-1.8459,1,0.8079,0.6796,0,0.6927,0.7077,0,-0.4436,-0.3403,0,-0.3435,-0.3888,0,0.2578,0.2674,0,-0.198,-0.2462,0,-0.3421,-0.5488,0,-0.2014,-0.2291,0
2026-05-13 17:42:51,neutre,17.87,règles_normales,1,normal,0,0,-1.1679,-1.0089,0,-1.4435,-1.1517,0,0.2792,0.1873,0,-2.0817,-1.8459,1,0.8079,0.6796,0,0.6927,0.7077,0,-0.4436,-0.3403,0,-0.3435,-0.3888,0,0.2578,0.2674,0,-0.198,-0.2462,0,-0.3421,-0.5488,0,-0.2014,-0.2291,0
2026-05-13 18:03:50,neutre,17.87,règles_normales,1,normal,0,0,-1.1679,-1.0089,0,-1.4435,-1.1517,0,0.2792,0.1873,0,-2.0817,-1.8459,1,0.8079,0.6796,0,0.6927,0.7077,0,-0.4436,-0.3403,0,-0.3435,-0.3888,0,0.2578,0.2674,0,-0.198,-0.2462,0,-0.3421,-0.5488,0,-0.2014,-0.2291,0
2026-05-14 11:39:45,neutre,17.92,seuil+0.5_taille÷1.5,0,normal,0,0,1.1612,0.8574,0,1.5997,1.2678,0,0.7907,0.7492,0,2.258,1.9613,0,0.2089,0.1982,0,0.2391,0.2807,0,1.2152,1.2059,0,0.1134,0.1623,0,0.7926,0.8856,0,-0.5878,-0.6019,0,1.3834,1.0751,0,-0.547,-0.557,0
2026-05-14 12:01:48,neutre,17.83,seuil+0.5_taille÷1.5,0,normal,0,0,1.2971,0.9707,0,1.655,1.3135,0,0.7907,0.7492,0,1.9671,1.6928,0,0.2308,0.2177,0,0.163,0.2017,0,1.2152,1.2059,0,0.233,0.3062,0,0.9859,1.0918,0,-0.5452,-0.5593,0,1.1933,0.8883,0,-0.5783,-0.5874,0
2026-05-14 14:01:14,neutre,17.35,seuil+0.5_taille÷1.5,0,normal,0,0,1.1884,0.8801,0,1.5582,1.2336,0,0.9103,0.8751,0,1.9255,1.6545,0,0.0554,0.0617,0,-0.0652,-0.0353,0,1.1423,1.1367,0,0.3782,0.4809,0,0.9859,1.0918,0,-0.4856,-0.4997,0,1.0103,0.7084,0,-0.5002,-0.5113,0
2026-05-14 15:49:26,neutre,17.26,seuil+0.5_taille÷1.5,0,normal,0,0,1.134,0.8348,0,1.6965,1.3477,0,0.2324,0.1612,0,1.4268,1.1942,0,0.0554,0.0617,0,0.1478,0.1859,0,0.9091,0.9152,0,0.3867,0.4912,0,0.4061,0.4733,0,-0.5424,-0.5565,0,0.8765,0.577,0,-0.6251,-0.6331,0
2026-05-14 16:59:50,neutre,17.26,seuil+0.5_taille÷1.5,0,normal,0,0,1.2971,0.9707,0,1.8348,1.4618,0,0.2722,0.2032,0,1.2605,1.0408,0,-0.0104,0.0032,0,0.0413,0.0753,0,1.0257,1.026,0,0.3696,0.4707,0,0.4061,0.4733,0,-0.6105,-0.6246,0,1.1511,0.8468,0,-0.6563,-0.6636,0
2026-05-14 18:00:16,neutre,17.26,seuil+0.5_taille÷1.5,0,normal,0,0,1.2971,0.9707,0,1.8348,1.4618,0,0.2722,0.2032,0,1.2605,1.0408,0,-0.0104,0.0032,0,0.0413,0.0753,0,1.0257,1.026,0,0.3696,0.4707,0,0.4061,0.4733,0,-0.6105,-0.6246,0,1.1511,0.8468,0,-0.6563,-0.6636,0
2026-05-15 11:33:55,neutre,18.11,règles_normales,0,normal,0,0,-1.3601,-1.2218,0,-0.7311,-0.6035,0,-1.1869,-1.2919,0,-0.6584,-0.7366,0,-1.1819,-1.0236,0,-0.5748,-0.506,0,0.0151,0.1533,0,0.41,0.5377,0,-1.7747,-1.7953,0,-2.1162,-2.1595,0,0.3086,0.0787,0,-2.2287,-2.2331,0
2026-05-15 11:52:50,neutre,18.1,règles_normales,0,normal,0,0,-1.542,-1.3809,0,-0.8202,-0.6808,0,-1.3886,-1.5029,0,-0.6584,-0.7366,0,-1.1599,-1.0041,0,-0.8229,-0.7591,0,0.0151,0.1533,0,0.528,0.681,0,-1.9687,-2.0008,0,-2.334,-2.3804,0,0.3221,0.0926,0,-2.2995,-2.3033,0
2026-05-15 13:16:12,neutre,18.15,règles_normales,0,normal,0,0,-1.503,-1.3468,0,-0.973,-0.8133,0,-1.4289,-1.5451,0,-0.7493,-0.8121,0,-1.2038,-1.0432,0,-0.8229,-0.7591,0,-0.1598,-0.0097,0,0.3931,0.5172,0,-1.9687,-2.0008,0,-2.122,-2.1653,0,0.4763,0.2516,0,-2.1658,-2.1707,0
2026-05-15 14:54:44,neutre,18.15,règles_normales,0,normal,1,0,-1.3082,-1.1763,0,-0.9157,-0.7636,0,,,0,-0.8402,-0.8876,0,-1.2257,-1.0628,0,-0.9935,-0.9331,0,-0.5972,-0.4172,0,0.6124,0.7834,0,-1.7747,-1.7953,0,-1.9328,-1.9735,0,0.3891,0.1617,0,-2.0164,-2.0226,0
2026-05-15 16:09:05,neutre,18.22,règles_normales,0,normal,0,0,-1.3082,-1.1763,0,-0.7438,-0.6145,0,-1.3482,-1.4607,0,-0.7493,-0.8121,0,-1.2038,-1.0432,0,-0.9004,-0.8382,0,-0.3348,-0.1727,0,0.7304,0.9267,0,-2.1627,-2.2062,0,-2.1621,-2.206,0,0.2818,0.0511,0,-2.1973,-2.2019,0
